"store_id","state","chain","co_owned","centralj","southj","pa1","pa2","period","year","month","fte","wage","treated","post"
1,"PA","Wendys",0,1,0,1,1,"before",1992,2,30.7,4.81,0,0
2,"PA","Wendys",0,1,0,0,0,"before",1992,2,13,4.82,0,0
3,"NJ","Wendys",0,0,1,0,0,"before",1992,2,20.4,4.67,1,0
4,"PA","Burger King",0,1,0,1,0,"before",1992,2,20.4,4.54,0,0
5,"PA","Wendys",0,0,1,1,1,"before",1992,2,15.4,4.19,0,0
6,"NJ","KFC",1,0,0,0,0,"before",1992,2,12,4.51,1,0
7,"PA","Wendys",0,0,0,0,1,"before",1992,2,20,4.46,0,0
8,"NJ","Burger King",0,0,0,0,0,"before",1992,2,25.2,4.8,1,0
9,"PA","Wendys",1,0,1,1,0,"before",1992,2,31.8,4.99,0,0
10,"PA","Roy Rogers",1,0,1,1,1,"before",1992,2,4.7,4.75,0,0
11,"NJ","KFC",1,1,1,0,0,"before",1992,2,14.4,4.26,1,0
12,"PA","Burger King",0,0,0,0,0,"before",1992,2,17.5,5.1,0,0
13,"PA","Roy Rogers",0,0,0,1,1,"before",1992,2,6.7,4.9,0,0
14,"NJ","KFC",0,1,0,0,0,"before",1992,2,14,4.67,1,0
15,"NJ","Wendys",1,0,0,0,0,"before",1992,2,13.8,3.94,1,0
16,"PA","Burger King",1,0,0,1,0,"before",1992,2,14.2,4.31,0,0
17,"PA","Burger King",0,1,1,1,0,"before",1992,2,2.5,4.58,0,0
18,"NJ","Wendys",1,1,1,0,0,"before",1992,2,21.7,4.83,1,0
19,"NJ","Burger King",0,0,1,0,0,"before",1992,2,14.9,4.25,1,0
20,"NJ","Wendys",0,1,1,0,0,"before",1992,2,32.2,5.56,1,0
21,"PA","KFC",0,0,0,0,1,"before",1992,2,26.4,3.83,0,0
22,"NJ","KFC",0,1,0,0,0,"before",1992,2,8.4,4.53,1,0
23,"PA","Wendys",1,0,1,1,1,"before",1992,2,20.8,4.52,0,0
24,"PA","Wendys",1,0,1,1,1,"before",1992,2,15.2,4.4,0,0
25,"NJ","Burger King",0,0,0,0,0,"before",1992,2,27.1,4.5,1,0
26,"NJ","Roy Rogers",0,1,0,0,0,"before",1992,2,20.4,4.82,1,0
27,"NJ","Wendys",1,0,1,0,0,"before",1992,2,15.5,4.34,1,0
28,"PA","Burger King",1,0,0,0,0,"before",1992,2,23.5,3.98,0,0
29,"NJ","Roy Rogers",0,0,1,0,0,"before",1992,2,21.2,4.63,1,0
30,"PA","Wendys",0,0,1,0,0,"before",1992,2,18.7,4.6,0,0
31,"PA","KFC",0,1,0,0,0,"before",1992,2,36.2,4.6,0,0
32,"PA","Roy Rogers",1,0,0,0,1,"before",1992,2,15.8,4.8,0,0
33,"NJ","Burger King",1,0,1,0,0,"before",1992,2,16.2,4.6,1,0
34,"PA","KFC",0,0,0,0,1,"before",1992,2,7.6,4.83,0,0
35,"NJ","KFC",0,0,0,0,0,"before",1992,2,19.7,4,1,0
36,"PA","KFC",0,0,1,1,1,"before",1992,2,27.1,4.26,0,0
37,"NJ","KFC",0,1,0,0,0,"before",1992,2,3.4,4.7,1,0
38,"NJ","Wendys",1,1,0,0,0,"before",1992,2,18,4.49,1,0
39,"PA","Roy Rogers",0,1,1,1,1,"before",1992,2,10.5,4.88,0,0
40,"PA","Burger King",0,0,0,0,0,"before",1992,2,31.5,4.3,0,0
41,"NJ","Roy Rogers",0,1,0,0,0,"before",1992,2,30.9,4.82,1,0
42,"NJ","Burger King",1,0,1,0,0,"before",1992,2,22.7,4.4,1,0
43,"NJ","Wendys",1,0,0,0,0,"before",1992,2,31.4,4.27,1,0
44,"PA","Roy Rogers",0,1,0,1,1,"before",1992,2,13.1,4.5,0,0
45,"NJ","Burger King",0,0,0,0,0,"before",1992,2,27.6,4.61,1,0
46,"PA","KFC",0,1,0,0,0,"before",1992,2,15.3,4.23,0,0
47,"PA","KFC",1,0,0,0,1,"before",1992,2,22.6,4.37,0,0
48,"PA","Roy Rogers",0,0,0,0,0,"before",1992,2,17.6,4.23,0,0
49,"PA","Roy Rogers",0,0,0,1,1,"before",1992,2,17.8,4.91,0,0
50,"PA","Wendys",0,1,1,0,0,"before",1992,2,24.4,4.82,0,0
51,"NJ","KFC",0,0,0,0,0,"before",1992,2,9.6,4.29,1,0
52,"NJ","Burger King",0,1,1,0,0,"before",1992,2,18,4.77,1,0
53,"NJ","Wendys",0,0,0,0,0,"before",1992,2,21.4,4.52,1,0
54,"PA","KFC",0,1,1,1,0,"before",1992,2,16.8,4.27,0,0
55,"NJ","Burger King",0,0,1,0,0,"before",1992,2,20.8,4.73,1,0
56,"PA","Roy Rogers",0,0,0,0,0,"before",1992,2,17.4,4.5,0,0
57,"PA","Roy Rogers",0,0,0,1,0,"before",1992,2,32.9,4.86,0,0
58,"NJ","KFC",1,1,0,0,0,"before",1992,2,25.7,4.54,1,0
59,"NJ","Roy Rogers",1,0,1,0,0,"before",1992,2,43.7,4.96,1,0
60,"NJ","Roy Rogers",0,1,0,0,0,"before",1992,2,13.6,4.45,1,0
61,"PA","KFC",0,0,0,1,0,"before",1992,2,26.5,4.67,0,0
62,"PA","Burger King",0,0,1,1,1,"before",1992,2,36.8,4.71,0,0
63,"PA","Wendys",0,0,0,0,0,"before",1992,2,22.4,4.68,0,0
64,"NJ","KFC",0,1,1,0,0,"before",1992,2,11.3,4.66,1,0
65,"PA","KFC",0,1,0,1,0,"before",1992,2,11.9,4.6,0,0
66,"NJ","Roy Rogers",0,1,1,0,0,"before",1992,2,19.7,4.57,1,0
67,"NJ","Burger King",1,0,1,0,0,"before",1992,2,30.5,5.01,1,0
68,"PA","KFC",0,0,0,1,1,"before",1992,2,26,4.87,0,0
69,"PA","Roy Rogers",0,1,1,1,1,"before",1992,2,2.9,4.42,0,0
70,"NJ","KFC",1,1,1,0,0,"before",1992,2,14.4,5.02,1,0
71,"NJ","Burger King",1,1,1,0,0,"before",1992,2,19.9,4.64,1,0
72,"NJ","KFC",1,1,1,0,0,"before",1992,2,8.3,4.41,1,0
73,"NJ","KFC",0,0,0,0,0,"before",1992,2,25.6,4.65,1,0
74,"NJ","Burger King",1,0,0,0,0,"before",1992,2,0.3,4.55,1,0
75,"NJ","Burger King",0,1,0,0,0,"before",1992,2,21.1,4.63,1,0
76,"PA","KFC",0,0,0,0,0,"before",1992,2,16.9,4.31,0,0
77,"NJ","Roy Rogers",0,1,1,0,0,"before",1992,2,16.1,4.35,1,0
78,"NJ","Roy Rogers",0,1,0,0,0,"before",1992,2,17.7,5.01,1,0
79,"NJ","KFC",0,0,1,0,0,"before",1992,2,22.5,4.89,1,0
80,"NJ","Wendys",1,0,1,0,0,"before",1992,2,23.2,4.33,1,0
81,"NJ","KFC",1,1,1,0,0,"before",1992,2,18.2,4.33,1,0
82,"NJ","KFC",1,0,1,0,0,"before",1992,2,4.6,5.12,1,0
83,"NJ","Wendys",0,1,0,0,0,"before",1992,2,8.5,5.17,1,0
84,"PA","Burger King",0,0,1,1,0,"before",1992,2,8.2,4.37,0,0
85,"PA","KFC",0,1,0,0,1,"before",1992,2,26.1,4.21,0,0
86,"NJ","Burger King",0,0,1,0,0,"before",1992,2,18.1,5.39,1,0
87,"NJ","Roy Rogers",0,0,1,0,0,"before",1992,2,22.2,4.67,1,0
88,"NJ","Burger King",0,0,0,0,0,"before",1992,2,7.5,4.66,1,0
89,"NJ","KFC",0,1,1,0,0,"before",1992,2,15.7,4.62,1,0
90,"NJ","Wendys",0,0,0,0,0,"before",1992,2,24.5,5.02,1,0
91,"PA","KFC",1,0,0,0,1,"before",1992,2,18.6,4.54,0,0
92,"NJ","Roy Rogers",0,0,0,0,0,"before",1992,2,19.1,5.04,1,0
93,"NJ","Wendys",1,0,1,0,0,"before",1992,2,19.4,4.53,1,0
94,"PA","Roy Rogers",1,0,0,0,1,"before",1992,2,29.7,4.75,0,0
95,"PA","KFC",1,0,0,1,0,"before",1992,2,15.1,4.29,0,0
96,"PA","Wendys",0,1,1,0,1,"before",1992,2,25.4,4.65,0,0
97,"NJ","Burger King",0,0,0,0,0,"before",1992,2,27.2,4.96,1,0
98,"NJ","KFC",0,0,0,0,0,"before",1992,2,10.5,4.55,1,0
99,"PA","KFC",0,1,0,1,1,"before",1992,2,21,4.98,0,0
100,"PA","Roy Rogers",1,1,0,0,1,"before",1992,2,19.9,5.42,0,0
101,"PA","Roy Rogers",0,0,0,0,1,"before",1992,2,28.2,4.88,0,0
102,"NJ","Burger King",1,0,0,0,0,"before",1992,2,27.3,4.53,1,0
103,"NJ","KFC",0,0,0,0,0,"before",1992,2,20,4.63,1,0
104,"NJ","KFC",0,1,1,0,0,"before",1992,2,21.1,4.47,1,0
105,"PA","Burger King",1,1,0,0,0,"before",1992,2,14.2,5.25,0,0
106,"PA","Wendys",0,1,0,0,1,"before",1992,2,18.4,3.71,0,0
107,"PA","Roy Rogers",0,0,0,1,0,"before",1992,2,11.8,4.62,0,0
108,"PA","KFC",0,0,0,1,1,"before",1992,2,12.3,4.63,0,0
109,"NJ","Roy Rogers",0,1,1,0,0,"before",1992,2,10.2,4.66,1,0
110,"NJ","Burger King",1,0,0,0,0,"before",1992,2,26.7,4.13,1,0
111,"PA","KFC",0,0,0,0,0,"before",1992,2,28.9,4.66,0,0
112,"PA","Wendys",1,1,0,0,0,"before",1992,2,16.7,4.66,0,0
113,"PA","KFC",1,0,1,0,0,"before",1992,2,11,4.98,0,0
114,"NJ","Roy Rogers",0,0,0,0,0,"before",1992,2,19.3,4.76,1,0
115,"NJ","Burger King",0,0,1,0,0,"before",1992,2,37.9,4.93,1,0
116,"NJ","Burger King",0,1,1,0,0,"before",1992,2,36.3,4.31,1,0
117,"NJ","KFC",0,0,0,0,0,"before",1992,2,6.2,4.56,1,0
118,"NJ","Burger King",0,1,0,0,0,"before",1992,2,17.1,4.66,1,0
119,"PA","Wendys",0,1,0,0,1,"before",1992,2,32.3,4.68,0,0
120,"PA","KFC",0,0,1,0,1,"before",1992,2,19.7,4.39,0,0
121,"NJ","Burger King",1,0,1,0,0,"before",1992,2,32.8,5.04,1,0
122,"NJ","Roy Rogers",0,1,0,0,0,"before",1992,2,17.3,4.42,1,0
123,"NJ","Burger King",0,0,1,0,0,"before",1992,2,24.8,4.12,1,0
124,"NJ","Wendys",0,0,0,0,0,"before",1992,2,21.8,4.72,1,0
125,"PA","Roy Rogers",1,0,1,0,1,"before",1992,2,45.8,4.8,0,0
126,"NJ","Roy Rogers",0,0,1,0,0,"before",1992,2,27.4,4.88,1,0
127,"PA","Burger King",0,0,0,0,1,"before",1992,2,10.3,4.32,0,0
128,"PA","KFC",0,1,1,1,1,"before",1992,2,15.2,4.53,0,0
129,"NJ","Burger King",0,0,0,0,0,"before",1992,2,23,4.2,1,0
130,"PA","Roy Rogers",0,0,1,1,0,"before",1992,2,4.8,4.85,0,0
131,"PA","Burger King",0,0,1,1,1,"before",1992,2,5.6,4.7,0,0
132,"PA","KFC",0,1,1,0,0,"before",1992,2,11,4.87,0,0
133,"PA","KFC",0,1,0,0,1,"before",1992,2,17.2,4.78,0,0
134,"PA","Wendys",0,1,0,0,0,"before",1992,2,29.9,4.42,0,0
135,"PA","KFC",0,0,1,1,0,"before",1992,2,17.8,4.65,0,0
136,"NJ","Roy Rogers",0,0,0,0,0,"before",1992,2,21.3,4.03,1,0
137,"PA","Wendys",0,0,0,1,0,"before",1992,2,19.5,4.75,0,0
138,"NJ","Burger King",1,0,0,0,0,"before",1992,2,14.4,4.89,1,0
139,"PA","Burger King",1,0,0,1,1,"before",1992,2,30.9,4.34,0,0
140,"PA","Wendys",0,1,0,0,1,"before",1992,2,11.2,3.96,0,0
141,"NJ","Burger King",0,1,1,0,0,"before",1992,2,18.2,4.14,1,0
142,"NJ","Roy Rogers",0,0,0,0,0,"before",1992,2,17.2,4.27,1,0
143,"NJ","KFC",0,0,0,0,0,"before",1992,2,24.3,4.97,1,0
144,"PA","KFC",0,0,1,1,1,"before",1992,2,32.9,4.6,0,0
145,"PA","Roy Rogers",0,0,0,0,1,"before",1992,2,24.1,4.23,0,0
146,"PA","Roy Rogers",0,0,1,1,1,"before",1992,2,31.1,4.77,0,0
147,"NJ","Roy Rogers",0,0,1,0,0,"before",1992,2,26.1,3.95,1,0
148,"PA","KFC",1,0,1,1,0,"before",1992,2,15,4.53,0,0
149,"NJ","KFC",0,1,0,0,0,"before",1992,2,20.7,4.93,1,0
150,"NJ","Burger King",1,0,1,0,0,"before",1992,2,31,4.5,1,0
151,"PA","Wendys",0,1,0,0,0,"before",1992,2,7.5,4.99,0,0
152,"NJ","Roy Rogers",0,0,0,0,0,"before",1992,2,22.6,5.14,1,0
153,"PA","Wendys",0,0,0,1,0,"before",1992,2,18.7,4.25,0,0
154,"NJ","Burger King",0,0,0,0,0,"before",1992,2,27,4.25,1,0
155,"PA","Burger King",1,0,1,0,1,"before",1992,2,26,4.33,0,0
156,"PA","KFC",0,0,0,0,1,"before",1992,2,22.4,4.76,0,0
157,"NJ","Burger King",0,0,0,0,0,"before",1992,2,31.9,4.85,1,0
158,"NJ","KFC",0,0,0,0,0,"before",1992,2,7.8,4.96,1,0
159,"NJ","Wendys",1,1,1,0,0,"before",1992,2,27.3,4.99,1,0
160,"PA","Roy Rogers",1,0,1,0,1,"before",1992,2,7.4,4.92,0,0
161,"PA","Burger King",0,1,1,1,0,"before",1992,2,24.7,4.88,0,0
162,"NJ","Wendys",0,1,0,0,0,"before",1992,2,20.7,4.65,1,0
163,"PA","Roy Rogers",0,0,0,1,1,"before",1992,2,27.7,4.33,0,0
164,"NJ","Wendys",0,0,0,0,0,"before",1992,2,20.6,4.38,1,0
165,"NJ","KFC",0,0,0,0,0,"before",1992,2,7.5,4.72,1,0
166,"NJ","Wendys",0,0,1,0,0,"before",1992,2,3.9,5.11,1,0
167,"NJ","KFC",0,0,0,0,0,"before",1992,2,24.3,5.11,1,0
168,"NJ","KFC",1,0,0,0,0,"before",1992,2,19.4,4.02,1,0
169,"NJ","Roy Rogers",0,0,1,0,0,"before",1992,2,15.4,4.35,1,0
170,"NJ","Roy Rogers",0,0,0,0,0,"before",1992,2,17.5,5.03,1,0
171,"PA","Roy Rogers",0,1,1,1,1,"before",1992,2,14.6,4.28,0,0
172,"NJ","KFC",0,1,0,0,0,"before",1992,2,18.7,4.12,1,0
173,"NJ","Burger King",1,0,0,0,0,"before",1992,2,12.5,4.78,1,0
174,"NJ","Roy Rogers",1,1,0,0,0,"before",1992,2,4.1,5.12,1,0
175,"NJ","KFC",0,0,1,0,0,"before",1992,2,18.2,5.18,1,0
176,"NJ","Wendys",0,0,0,0,0,"before",1992,2,28.4,4.76,1,0
177,"PA","KFC",1,1,1,0,0,"before",1992,2,35,4.82,0,0
178,"NJ","Burger King",0,1,0,0,0,"before",1992,2,20,4.77,1,0
179,"PA","Wendys",0,0,1,1,1,"before",1992,2,19.4,4.59,0,0
180,"PA","Roy Rogers",0,1,1,1,0,"before",1992,2,27.7,3.59,0,0
181,"PA","Burger King",1,1,1,1,0,"before",1992,2,20.4,4.83,0,0
182,"PA","KFC",1,0,1,0,1,"before",1992,2,16.5,4.48,0,0
183,"NJ","Roy Rogers",0,0,1,0,0,"before",1992,2,6.1,4.9,1,0
184,"NJ","Burger King",0,1,0,0,0,"before",1992,2,9.9,4.41,1,0
185,"PA","Roy Rogers",0,1,1,0,0,"before",1992,2,23.3,4.11,0,0
186,"PA","KFC",0,1,0,1,0,"before",1992,2,8.3,4.97,0,0
187,"PA","Burger King",0,1,1,1,1,"before",1992,2,28.4,4.65,0,0
188,"PA","KFC",1,0,1,0,0,"before",1992,2,9.2,5.65,0,0
189,"NJ","KFC",0,1,1,0,0,"before",1992,2,18.5,4.87,1,0
190,"NJ","Burger King",1,1,1,0,0,"before",1992,2,20,4.91,1,0
191,"NJ","Roy Rogers",1,1,0,0,0,"before",1992,2,19.9,4.83,1,0
192,"PA","Burger King",1,0,1,1,1,"before",1992,2,21.2,4.42,0,0
193,"NJ","KFC",0,1,1,0,0,"before",1992,2,24.8,4.49,1,0
194,"NJ","KFC",0,0,0,0,0,"before",1992,2,19,4.92,1,0
195,"NJ","KFC",1,0,1,0,0,"before",1992,2,18,4.92,1,0
196,"NJ","Roy Rogers",0,1,0,0,0,"before",1992,2,21.3,4.77,1,0
197,"NJ","Burger King",0,0,1,0,0,"before",1992,2,16.5,4.3,1,0
198,"NJ","Roy Rogers",0,1,1,0,0,"before",1992,2,32.3,5.11,1,0
199,"PA","Burger King",1,0,0,0,1,"before",1992,2,2.6,4.19,0,0
200,"PA","Roy Rogers",1,1,0,1,0,"before",1992,2,28.2,4.47,0,0
201,"PA","Wendys",0,0,1,1,1,"before",1992,2,18,5.3,0,0
202,"NJ","Wendys",0,1,1,0,0,"before",1992,2,23.4,4.76,1,0
203,"PA","KFC",0,0,0,0,0,"before",1992,2,27.9,4.89,0,0
204,"NJ","KFC",0,0,0,0,0,"before",1992,2,26.7,4.71,1,0
205,"NJ","Wendys",1,0,0,0,0,"before",1992,2,14.7,4.3,1,0
206,"NJ","Roy Rogers",0,1,1,0,0,"before",1992,2,32.5,4.42,1,0
207,"PA","Wendys",0,1,1,1,0,"before",1992,2,7,4.65,0,0
208,"NJ","Wendys",0,1,1,0,0,"before",1992,2,26.9,3.72,1,0
209,"NJ","Burger King",0,0,0,0,0,"before",1992,2,15.9,4.35,1,0
210,"NJ","Roy Rogers",1,0,0,0,0,"before",1992,2,4.7,4.84,1,0
211,"NJ","Wendys",0,1,1,0,0,"before",1992,2,5.1,4.51,1,0
212,"PA","Wendys",0,1,1,0,1,"before",1992,2,22,4.51,0,0
213,"NJ","Wendys",1,1,1,0,0,"before",1992,2,37.8,4.86,1,0
214,"NJ","Wendys",1,1,0,0,0,"before",1992,2,22.2,4.44,1,0
215,"NJ","Roy Rogers",0,0,1,0,0,"before",1992,2,29,4.79,1,0
216,"PA","Roy Rogers",0,0,0,0,0,"before",1992,2,26.7,4.17,0,0
217,"NJ","Wendys",0,1,0,0,0,"before",1992,2,14.8,4.23,1,0
218,"NJ","Wendys",0,0,1,0,0,"before",1992,2,27.6,4.1,1,0
219,"NJ","Burger King",0,0,0,0,0,"before",1992,2,22.8,4.63,1,0
220,"PA","Roy Rogers",0,0,1,1,0,"before",1992,2,21.7,4.54,0,0
221,"NJ","Roy Rogers",1,0,0,0,0,"before",1992,2,28,5.03,1,0
222,"NJ","KFC",0,0,0,0,0,"before",1992,2,26,4.59,1,0
223,"NJ","Burger King",1,1,0,0,0,"before",1992,2,15,5.01,1,0
224,"PA","KFC",0,0,0,0,1,"before",1992,2,23.2,5.18,0,0
225,"NJ","Roy Rogers",1,1,1,0,0,"before",1992,2,12.9,4.45,1,0
226,"PA","Roy Rogers",0,0,0,1,1,"before",1992,2,25,4.72,0,0
227,"NJ","Burger King",0,1,0,0,0,"before",1992,2,16.5,4.35,1,0
228,"NJ","Burger King",0,1,1,0,0,"before",1992,2,23.6,4.82,1,0
229,"NJ","KFC",0,0,1,0,0,"before",1992,2,22.9,4.28,1,0
230,"NJ","Roy Rogers",0,0,1,0,0,"before",1992,2,17.8,4.29,1,0
231,"NJ","KFC",0,1,1,0,0,"before",1992,2,23.7,4.69,1,0
232,"NJ","Wendys",0,1,0,0,0,"before",1992,2,24.6,4.63,1,0
233,"NJ","Burger King",0,1,1,0,0,"before",1992,2,18.2,4.68,1,0
234,"NJ","Wendys",1,1,0,0,0,"before",1992,2,29.4,4.62,1,0
235,"PA","KFC",1,0,0,1,0,"before",1992,2,31.1,4.44,0,0
236,"PA","Roy Rogers",1,1,1,0,0,"before",1992,2,14.7,4.56,0,0
237,"NJ","Burger King",1,1,0,0,0,"before",1992,2,13.8,5.09,1,0
238,"PA","Roy Rogers",1,0,1,1,0,"before",1992,2,24.1,4.59,0,0
239,"NJ","KFC",0,0,0,0,0,"before",1992,2,12.7,4.2,1,0
240,"NJ","Roy Rogers",1,0,0,0,0,"before",1992,2,16.4,4.35,1,0
241,"NJ","KFC",0,0,0,0,0,"before",1992,2,26.4,4.27,1,0
242,"NJ","Roy Rogers",0,1,0,0,0,"before",1992,2,15.4,4.33,1,0
243,"NJ","Wendys",1,1,1,0,0,"before",1992,2,4.6,4.22,1,0
244,"NJ","Burger King",0,0,1,0,0,"before",1992,2,25.3,3.81,1,0
245,"NJ","Burger King",0,1,1,0,0,"before",1992,2,7.2,4.8,1,0
246,"NJ","Roy Rogers",0,1,1,0,0,"before",1992,2,9.2,4.8,1,0
247,"NJ","KFC",1,0,1,0,0,"before",1992,2,-4.1,4.52,1,0
248,"NJ","Roy Rogers",1,1,0,0,0,"before",1992,2,26.6,4.38,1,0
249,"NJ","KFC",0,1,0,0,0,"before",1992,2,22,4.36,1,0
250,"PA","KFC",0,0,1,1,0,"before",1992,2,23.7,4.72,0,0
251,"NJ","Burger King",0,0,0,0,0,"before",1992,2,26.8,4.67,1,0
252,"NJ","Burger King",0,0,1,0,0,"before",1992,2,19.7,4.73,1,0
253,"NJ","KFC",0,1,0,0,0,"before",1992,2,11.2,4.6,1,0
254,"NJ","KFC",1,0,1,0,0,"before",1992,2,24.5,4.79,1,0
255,"NJ","KFC",1,0,0,0,0,"before",1992,2,30.4,4.73,1,0
256,"PA","Roy Rogers",1,0,1,1,0,"before",1992,2,8,4.77,0,0
257,"NJ","KFC",0,0,1,0,0,"before",1992,2,15.1,4.75,1,0
258,"NJ","Burger King",0,1,0,0,0,"before",1992,2,17.7,5.1,1,0
259,"NJ","Wendys",1,1,0,0,0,"before",1992,2,9.7,4.28,1,0
260,"PA","Wendys",1,0,1,0,0,"before",1992,2,25.6,5.05,0,0
261,"PA","Wendys",1,0,0,1,1,"before",1992,2,15.2,4.5,0,0
262,"NJ","Burger King",0,1,1,0,0,"before",1992,2,30.1,4.58,1,0
263,"NJ","KFC",0,0,0,0,0,"before",1992,2,20.4,4.62,1,0
264,"PA","Roy Rogers",1,0,0,0,1,"before",1992,2,25.8,4.47,0,0
265,"NJ","Burger King",0,0,0,0,0,"before",1992,2,32.5,3.83,1,0
266,"NJ","Burger King",0,0,0,0,0,"before",1992,2,22.1,4.51,1,0
267,"PA","Roy Rogers",1,1,0,0,0,"before",1992,2,28.6,4.61,0,0
268,"NJ","Wendys",0,0,1,0,0,"before",1992,2,21.7,4.08,1,0
269,"PA","Burger King",0,1,0,1,1,"before",1992,2,7.9,4.76,0,0
270,"PA","KFC",0,0,1,0,1,"before",1992,2,20.2,4.42,0,0
271,"NJ","KFC",0,1,0,0,0,"before",1992,2,25.7,5.03,1,0
272,"PA","KFC",0,1,1,0,1,"before",1992,2,23.9,4.68,0,0
273,"NJ","Burger King",0,1,0,0,0,"before",1992,2,18.6,4.36,1,0
274,"NJ","Wendys",0,0,1,0,0,"before",1992,2,10.3,4.65,1,0
275,"PA","KFC",0,0,1,1,0,"before",1992,2,25.2,4.68,0,0
276,"NJ","Roy Rogers",0,1,1,0,0,"before",1992,2,12.7,4.87,1,0
277,"NJ","Wendys",1,1,1,0,0,"before",1992,2,10,4.55,1,0
278,"NJ","Burger King",0,0,0,0,0,"before",1992,2,24.8,3.99,1,0
279,"NJ","Wendys",0,0,0,0,0,"before",1992,2,10.1,4.21,1,0
280,"NJ","Roy Rogers",1,1,1,0,0,"before",1992,2,22,4.34,1,0
281,"NJ","Wendys",0,0,0,0,0,"before",1992,2,20,4.73,1,0
282,"NJ","Burger King",1,1,0,0,0,"before",1992,2,9.4,4.51,1,0
283,"NJ","Burger King",1,1,1,0,0,"before",1992,2,29.4,4.42,1,0
284,"PA","Wendys",0,0,1,1,1,"before",1992,2,15.3,4.35,0,0
285,"NJ","Burger King",0,0,0,0,0,"before",1992,2,29.6,4.65,1,0
286,"NJ","Burger King",1,0,0,0,0,"before",1992,2,16.2,4.34,1,0
287,"NJ","Roy Rogers",0,0,0,0,0,"before",1992,2,15.4,4.48,1,0
288,"NJ","Burger King",0,0,1,0,0,"before",1992,2,19.8,4.32,1,0
289,"NJ","KFC",1,0,0,0,0,"before",1992,2,17.1,4.18,1,0
290,"NJ","KFC",1,1,0,0,0,"before",1992,2,17.1,4.89,1,0
291,"PA","Wendys",0,0,0,0,0,"before",1992,2,13,4.2,0,0
292,"PA","KFC",0,1,1,1,0,"before",1992,2,10.3,4.62,0,0
293,"NJ","Roy Rogers",0,0,0,0,0,"before",1992,2,24.9,4.43,1,0
294,"NJ","Burger King",0,0,0,0,0,"before",1992,2,13.6,4.28,1,0
295,"NJ","Roy Rogers",0,1,0,0,0,"before",1992,2,9,4.68,1,0
296,"NJ","Wendys",0,1,0,0,0,"before",1992,2,15.9,4.71,1,0
297,"PA","Burger King",1,0,1,0,0,"before",1992,2,13.6,4.98,0,0
298,"PA","KFC",0,0,1,1,1,"before",1992,2,2.5,4.7,0,0
299,"NJ","Roy Rogers",0,0,0,0,0,"before",1992,2,17.7,4.56,1,0
300,"NJ","Wendys",1,1,0,0,0,"before",1992,2,21.3,5.38,1,0
301,"NJ","KFC",0,1,0,0,0,"before",1992,2,22.4,4.4,1,0
302,"NJ","Roy Rogers",0,0,0,0,0,"before",1992,2,23.1,4.3,1,0
303,"NJ","Roy Rogers",0,0,0,0,0,"before",1992,2,12,4.44,1,0
304,"NJ","Roy Rogers",0,0,1,0,0,"before",1992,2,17.4,4.57,1,0
305,"PA","Burger King",1,0,0,0,1,"before",1992,2,11.9,4.78,0,0
306,"PA","KFC",1,0,0,0,1,"before",1992,2,14.9,4.72,0,0
307,"NJ","Roy Rogers",0,0,1,0,0,"before",1992,2,10.3,4.57,1,0
308,"NJ","Wendys",0,1,0,0,0,"before",1992,2,11.1,4.34,1,0
309,"NJ","Wendys",0,0,0,0,0,"before",1992,2,25,4.94,1,0
310,"NJ","Roy Rogers",1,0,0,0,0,"before",1992,2,17.8,4.87,1,0
311,"NJ","Roy Rogers",1,0,0,0,0,"before",1992,2,17.9,4.38,1,0
312,"PA","KFC",0,0,1,1,0,"before",1992,2,33.8,4.81,0,0
313,"NJ","Wendys",0,1,0,0,0,"before",1992,2,19.5,4.74,1,0
314,"NJ","Roy Rogers",0,1,1,0,0,"before",1992,2,15.7,4.91,1,0
315,"NJ","Wendys",0,0,0,0,0,"before",1992,2,26,4.64,1,0
316,"PA","Roy Rogers",1,1,0,0,0,"before",1992,2,16.1,4.26,0,0
317,"NJ","Burger King",0,0,1,0,0,"before",1992,2,31,4.84,1,0
318,"PA","Wendys",0,0,1,1,0,"before",1992,2,17,4.38,0,0
319,"PA","Roy Rogers",0,1,0,0,1,"before",1992,2,15.1,4.76,0,0
320,"PA","Wendys",0,0,1,0,1,"before",1992,2,10.7,5.1,0,0
321,"NJ","Wendys",0,1,1,0,0,"before",1992,2,22.6,4.17,1,0
322,"NJ","Wendys",0,0,0,0,0,"before",1992,2,31.7,5.07,1,0
323,"NJ","Wendys",1,0,0,0,0,"before",1992,2,17.2,5.01,1,0
324,"NJ","Roy Rogers",1,1,0,0,0,"before",1992,2,22.1,4.44,1,0
325,"NJ","Burger King",1,0,1,0,0,"before",1992,2,22.7,4.52,1,0
326,"PA","Wendys",0,0,0,0,1,"before",1992,2,31.4,4.39,0,0
327,"NJ","Roy Rogers",0,1,1,0,0,"before",1992,2,25.3,4.43,1,0
328,"PA","Burger King",0,0,1,0,1,"before",1992,2,11.4,4.77,0,0
329,"PA","Roy Rogers",0,1,1,0,0,"before",1992,2,14.4,4.33,0,0
330,"PA","KFC",1,1,0,1,1,"before",1992,2,14,4.54,0,0
331,"PA","Roy Rogers",0,1,0,1,0,"before",1992,2,21.1,4.56,0,0
332,"NJ","Burger King",1,1,1,0,0,"before",1992,2,20,4.57,1,0
333,"NJ","Burger King",0,0,0,0,0,"before",1992,2,22.9,4.65,1,0
334,"NJ","Roy Rogers",1,0,0,0,0,"before",1992,2,14.7,5.08,1,0
335,"PA","Wendys",0,1,1,0,1,"before",1992,2,17,4.46,0,0
336,"NJ","Wendys",1,0,1,0,0,"before",1992,2,25.9,4.36,1,0
337,"NJ","KFC",0,0,0,0,0,"before",1992,2,19.2,4.84,1,0
338,"NJ","Roy Rogers",0,0,1,0,0,"before",1992,2,14.8,4.71,1,0
339,"PA","Burger King",0,1,1,1,0,"before",1992,2,27.8,4.67,0,0
340,"NJ","KFC",0,1,1,0,0,"before",1992,2,20.1,4.78,1,0
341,"NJ","Roy Rogers",0,0,0,0,0,"before",1992,2,12.7,4.18,1,0
342,"NJ","Wendys",0,0,1,0,0,"before",1992,2,33.7,4.92,1,0
343,"PA","Wendys",0,0,0,0,1,"before",1992,2,10.7,4.74,0,0
344,"NJ","Roy Rogers",0,0,0,0,0,"before",1992,2,5.8,4.89,1,0
345,"NJ","KFC",0,1,0,0,0,"before",1992,2,2,4.42,1,0
346,"NJ","KFC",1,1,0,0,0,"before",1992,2,25.2,4.05,1,0
347,"PA","Roy Rogers",0,1,1,1,0,"before",1992,2,15.7,4.45,0,0
348,"NJ","Burger King",0,1,0,0,0,"before",1992,2,17.8,4.33,1,0
349,"PA","Wendys",0,0,0,0,1,"before",1992,2,22.3,5.27,0,0
350,"PA","Roy Rogers",1,0,0,1,0,"before",1992,2,16.3,4.48,0,0
351,"NJ","Wendys",0,1,1,0,0,"before",1992,2,7.1,4.54,1,0
352,"NJ","Wendys",0,0,0,0,0,"before",1992,2,4.4,4.92,1,0
353,"NJ","Wendys",0,0,0,0,0,"before",1992,2,17.3,4.79,1,0
354,"NJ","Burger King",0,0,1,0,0,"before",1992,2,21.4,4.8,1,0
355,"PA","KFC",0,1,0,1,0,"before",1992,2,1.8,5.39,0,0
356,"NJ","KFC",0,0,0,0,0,"before",1992,2,22.3,4.65,1,0
357,"PA","KFC",0,0,1,0,1,"before",1992,2,23.4,5.17,0,0
358,"PA","Wendys",0,1,0,1,1,"before",1992,2,30.4,4.68,0,0
359,"NJ","Burger King",0,1,0,0,0,"before",1992,2,21.3,4.16,1,0
360,"NJ","Burger King",0,0,1,0,0,"before",1992,2,21.6,3.93,1,0
361,"NJ","Roy Rogers",1,0,1,0,0,"before",1992,2,24.8,4.79,1,0
362,"PA","Roy Rogers",0,0,1,0,1,"before",1992,2,19.8,4.3,0,0
363,"NJ","Roy Rogers",0,0,1,0,0,"before",1992,2,19.4,4.61,1,0
364,"PA","Burger King",0,0,0,1,0,"before",1992,2,20.9,5.13,0,0
365,"PA","Roy Rogers",0,1,1,0,0,"before",1992,2,26,4.7,0,0
366,"NJ","Burger King",0,1,0,0,0,"before",1992,2,16.5,4.51,1,0
367,"PA","KFC",1,1,0,0,1,"before",1992,2,16,4.02,0,0
368,"PA","Roy Rogers",1,0,1,1,1,"before",1992,2,13.1,4.36,0,0
369,"NJ","Burger King",1,0,0,0,0,"before",1992,2,12.3,4.43,1,0
370,"NJ","KFC",1,0,0,0,0,"before",1992,2,22.6,4.81,1,0
371,"NJ","Burger King",0,0,0,0,0,"before",1992,2,32.4,4.75,1,0
372,"NJ","Wendys",1,0,1,0,0,"before",1992,2,12.2,4.6,1,0
373,"PA","KFC",0,0,0,0,1,"before",1992,2,18.5,4.65,0,0
374,"NJ","Burger King",0,1,0,0,0,"before",1992,2,11.8,4.51,1,0
375,"PA","Wendys",0,0,0,0,1,"before",1992,2,27.3,4.61,0,0
376,"PA","KFC",0,0,0,0,1,"before",1992,2,17.5,4.68,0,0
377,"NJ","Roy Rogers",0,1,0,0,0,"before",1992,2,21.4,4.73,1,0
378,"NJ","KFC",0,0,1,0,0,"before",1992,2,22.8,5.15,1,0
379,"NJ","Burger King",0,1,1,0,0,"before",1992,2,11.6,4.27,1,0
380,"PA","KFC",0,0,1,1,0,"before",1992,2,19.2,5.04,0,0
381,"NJ","Roy Rogers",0,1,1,0,0,"before",1992,2,18.2,4.8,1,0
382,"NJ","Burger King",0,1,0,0,0,"before",1992,2,25.4,4.14,1,0
383,"NJ","KFC",0,1,0,0,0,"before",1992,2,10.1,4.52,1,0
384,"NJ","Wendys",0,1,1,0,0,"before",1992,2,10.4,4.41,1,0
385,"NJ","KFC",1,0,0,0,0,"before",1992,2,26.1,4.32,1,0
386,"PA","Roy Rogers",1,1,1,1,1,"before",1992,2,15.3,4.14,0,0
387,"NJ","Wendys",0,0,0,0,0,"before",1992,2,14.7,4.45,1,0
388,"PA","KFC",0,0,1,1,1,"before",1992,2,20.9,4.47,0,0
389,"NJ","Burger King",0,1,1,0,0,"before",1992,2,17.4,4.5,1,0
390,"NJ","Wendys",0,0,0,0,0,"before",1992,2,34.9,3.98,1,0
391,"PA","Wendys",0,0,0,1,0,"before",1992,2,22.1,4.73,0,0
392,"NJ","Wendys",0,0,0,0,0,"before",1992,2,21.3,4.82,1,0
393,"PA","Roy Rogers",0,0,0,0,1,"before",1992,2,27.4,4.84,0,0
394,"NJ","KFC",0,1,0,0,0,"before",1992,2,19.5,4.83,1,0
395,"PA","Burger King",1,0,0,1,0,"before",1992,2,20.4,4.66,0,0
396,"NJ","Wendys",0,0,0,0,0,"before",1992,2,11.4,5.04,1,0
397,"PA","KFC",1,1,0,0,0,"before",1992,2,1.7,4.34,0,0
398,"PA","Burger King",0,0,1,1,0,"before",1992,2,10.3,4.23,0,0
399,"NJ","Wendys",0,0,0,0,0,"before",1992,2,20.9,4.7,1,0
400,"NJ","KFC",0,1,1,0,0,"before",1992,2,11.7,4.73,1,0
1,"PA","Wendys",0,1,0,1,1,"after",1992,11,33.5754757788968,4.92155562233781,0,1
2,"PA","Wendys",0,1,0,0,0,"after",1992,11,13.4933240504313,4.91203829699196,0,1
3,"NJ","Wendys",0,0,1,0,0,"after",1992,11,23.4710195320986,5.05,1,1
4,"PA","Burger King",0,1,0,1,0,"after",1992,11,20.2958822971109,4.55720451225728,0,1
5,"PA","Wendys",0,0,1,1,1,"after",1992,11,12.6377685538767,4.12655436978998,0,1
6,"NJ","KFC",1,0,0,0,0,"after",1992,11,14.2847836918056,5.05,1,1
7,"PA","Wendys",0,0,0,0,1,"after",1992,11,23.4441654489116,4.62822683051167,0,1
8,"NJ","Burger King",0,0,0,0,0,"after",1992,11,27.6914448698482,5.27057917976873,1,1
9,"PA","Wendys",1,0,1,1,0,"after",1992,11,30.6303596699111,4.86892141966878,0,1
10,"PA","Roy Rogers",1,0,1,1,1,"after",1992,11,4.40221021016784,4.93794490444046,0,1
11,"NJ","KFC",1,1,1,0,0,"after",1992,11,13.5753431142626,5.05,1,1
12,"PA","Burger King",0,0,0,0,0,"after",1992,11,17.4161018128984,5.09589946708425,0,1
13,"PA","Roy Rogers",0,0,0,1,1,"after",1992,11,6.52903334538814,5.15754667917333,0,1
14,"NJ","KFC",0,1,0,0,0,"after",1992,11,19.3055753021208,5.12521033801116,1,1
15,"NJ","Wendys",1,0,0,0,0,"after",1992,11,11.842481644788,5.05,1,1
16,"PA","Burger King",1,0,0,1,0,"after",1992,11,15.8669770502453,4.33952394969873,0,1
17,"PA","Burger King",0,1,1,1,0,"after",1992,11,5.20577151698055,4.57485830144797,0,1
18,"NJ","Wendys",1,1,1,0,0,"after",1992,11,30.8856256952795,5.24927177555989,1,1
19,"NJ","Burger King",0,0,1,0,0,"after",1992,11,22.2724056676134,5.05,1,1
20,"NJ","Wendys",0,1,1,0,0,"after",1992,11,36.25929387576,5.94927843883675,1,1
21,"PA","KFC",0,0,0,0,1,"after",1992,11,28.0098692647021,3.88411968667732,0,1
22,"NJ","KFC",0,1,0,0,0,"after",1992,11,6.843914089714,5.05,1,1
23,"PA","Wendys",1,0,1,1,1,"after",1992,11,16.3864415852055,4.70170476310258,0,1
24,"PA","Wendys",1,0,1,1,1,"after",1992,11,7.97192177519429,4.26903497965896,0,1
25,"NJ","Burger King",0,0,0,0,0,"after",1992,11,30.8783714828865,5.05,1,1
26,"NJ","Roy Rogers",0,1,0,0,0,"after",1992,11,17.91043724438,5.27734077624869,1,1
27,"NJ","Wendys",1,0,1,0,0,"after",1992,11,17.190169134507,5.05,1,1
28,"PA","Burger King",1,0,0,0,0,"after",1992,11,22.4049478666614,3.99920112053793,0,1
29,"NJ","Roy Rogers",0,0,1,0,0,"after",1992,11,26.0723728793216,5.29721442012039,1,1
30,"PA","Wendys",0,0,1,0,0,"after",1992,11,18.1561945460975,4.67945611945854,0,1
31,"PA","KFC",0,1,0,0,0,"after",1992,11,35.7528111720176,4.66477708171166,0,1
32,"PA","Roy Rogers",1,0,0,0,1,"after",1992,11,11.6218559184218,4.86159515319751,0,1
33,"NJ","Burger King",1,0,1,0,0,"after",1992,11,21.221825916319,5.05,1,1
34,"PA","KFC",0,0,0,0,1,"after",1992,11,5.56192226686517,4.84766681514367,0,1
35,"NJ","KFC",0,0,0,0,0,"after",1992,11,22.2989084545514,5.05,1,1
36,"PA","KFC",0,0,1,1,1,"after",1992,11,21.6426460941581,4.19596332761024,0,1
37,"NJ","KFC",0,1,0,0,0,"after",1992,11,5.18550873845436,5.05,1,1
38,"NJ","Wendys",1,1,0,0,0,"after",1992,11,21.2906568584525,5.05,1,1
39,"PA","Roy Rogers",0,1,1,1,1,"after",1992,11,18.4169466554464,5.21613194908632,0,1
40,"PA","Burger King",0,0,0,0,0,"after",1992,11,33.1398248346547,4.2048613055166,0,1
41,"NJ","Roy Rogers",0,1,0,0,0,"after",1992,11,28.6246444778044,5.1892782440861,1,1
42,"NJ","Burger King",1,0,1,0,0,"after",1992,11,24.0712947934592,5.05,1,1
43,"NJ","Wendys",1,0,0,0,0,"after",1992,11,39.3375814497311,5.05,1,1
44,"PA","Roy Rogers",0,1,0,1,1,"after",1992,11,13.0815381832118,4.648374402022,0,1
45,"NJ","Burger King",0,0,0,0,0,"after",1992,11,24.8857009521463,5.1625686729849,1,1
46,"PA","KFC",0,1,0,0,0,"after",1992,11,9.62958159642512,4.16921586729147,0,1
47,"PA","KFC",1,0,0,0,1,"after",1992,11,21.7996498865045,4.2201107343152,0,1
48,"PA","Roy Rogers",0,0,0,0,0,"after",1992,11,20.061293030592,4.29507224969578,0,1
49,"PA","Roy Rogers",0,0,0,1,1,"after",1992,11,20.1345806201488,5.17089680921934,0,1
50,"PA","Wendys",0,1,1,0,0,"after",1992,11,25.7622760705677,4.93291906728364,0,1
51,"NJ","KFC",0,0,0,0,0,"after",1992,11,16.9873334522359,5.05,1,1
52,"NJ","Burger King",0,1,1,0,0,"after",1992,11,22.0843163244655,5.13433962988957,1,1
53,"NJ","Wendys",0,0,0,0,0,"after",1992,11,22.8186674402073,5.05,1,1
54,"PA","KFC",0,1,1,1,0,"after",1992,11,21.030156519155,4.15623544578401,0,1
55,"NJ","Burger King",0,0,1,0,0,"after",1992,11,30.0128506718355,5.25092533474455,1,1
56,"PA","Roy Rogers",0,0,0,0,0,"after",1992,11,11.9668076847106,4.48415242859827,0,1
57,"PA","Roy Rogers",0,0,0,1,0,"after",1992,11,29.592644776739,4.83496917340887,0,1
58,"NJ","KFC",1,1,0,0,0,"after",1992,11,28.0794011475751,5.05,1,1
59,"NJ","Roy Rogers",1,0,1,0,0,"after",1992,11,51.882375994692,5.37920661934409,1,1
60,"NJ","Roy Rogers",0,1,0,0,0,"after",1992,11,16.174413949813,5.05,1,1
61,"PA","KFC",0,0,0,1,0,"after",1992,11,26.4424963860494,4.60548681044754,0,1
62,"PA","Burger King",0,0,1,1,1,"after",1992,11,37.2479111590401,4.86276132769215,0,1
63,"PA","Wendys",0,0,0,0,0,"after",1992,11,20.8027043892052,4.97780404218314,0,1
64,"NJ","KFC",0,1,1,0,0,"after",1992,11,15.4602762093013,5.13398406897109,1,1
65,"PA","KFC",0,1,0,1,0,"after",1992,11,15.4935383786107,4.50466836356804,0,1
66,"NJ","Roy Rogers",0,1,1,0,0,"after",1992,11,20.4769471636733,5.07866920314483,1,1
67,"NJ","Burger King",1,0,1,0,0,"after",1992,11,30.2149889806815,5.21471927003051,1,1
68,"PA","KFC",0,0,0,1,1,"after",1992,11,19.8722126933159,5.00222644453618,0,1
69,"PA","Roy Rogers",0,1,1,1,1,"after",1992,11,-0.142932594439842,4.36335520063505,0,1
70,"NJ","KFC",1,1,1,0,0,"after",1992,11,10.8987236761156,5.30175731734755,1,1
71,"NJ","Burger King",1,1,1,0,0,"after",1992,11,20.5337939111025,5.05,1,1
72,"NJ","KFC",1,1,1,0,0,"after",1992,11,12.9814366994557,5.05,1,1
73,"NJ","KFC",0,0,0,0,0,"after",1992,11,24.7934500902639,5.05,1,1
74,"NJ","Burger King",1,0,0,0,0,"after",1992,11,-0.678388312560068,5.05,1,1
75,"NJ","Burger King",0,1,0,0,0,"after",1992,11,22.2832830807418,5.07232565649047,1,1
76,"PA","KFC",0,0,0,0,0,"after",1992,11,21.7117546641496,4.46943067325149,0,1
77,"NJ","Roy Rogers",0,1,1,0,0,"after",1992,11,19.0774026202907,5.05,1,1
78,"NJ","Roy Rogers",0,1,0,0,0,"after",1992,11,18.7161979434009,5.38589806519327,1,1
79,"NJ","KFC",0,0,1,0,0,"after",1992,11,28.6371035367431,5.28790294280695,1,1
80,"NJ","Wendys",1,0,1,0,0,"after",1992,11,26.5778972777355,5.05,1,1
81,"NJ","KFC",1,1,1,0,0,"after",1992,11,20.5918726169029,5.05,1,1
82,"NJ","KFC",1,0,1,0,0,"after",1992,11,3.79215169230145,5.20004415662442,1,1
83,"NJ","Wendys",0,1,0,0,0,"after",1992,11,8.19307913915279,5.72112784716271,1,1
84,"PA","Burger King",0,0,1,1,0,"after",1992,11,10.8770501024711,4.44205961823294,0,1
85,"PA","KFC",0,1,0,0,1,"after",1992,11,21.5468833150861,4.23167604094625,0,1
86,"NJ","Burger King",0,0,1,0,0,"after",1992,11,21.9825119804609,5.75564129965172,1,1
87,"NJ","Roy Rogers",0,0,1,0,0,"after",1992,11,23.7029096121681,5.05,1,1
88,"NJ","Burger King",0,0,0,0,0,"after",1992,11,13.3184898064673,5.08879091472975,1,1
89,"NJ","KFC",0,1,1,0,0,"after",1992,11,13.2989191854466,5.05,1,1
90,"NJ","Wendys",0,0,0,0,0,"after",1992,11,28.0055784017861,5.51201674069125,1,1
91,"PA","KFC",1,0,0,0,1,"after",1992,11,21.0705848284564,4.66100507534336,0,1
92,"NJ","Roy Rogers",0,0,0,0,0,"after",1992,11,20.0260276650296,5.39458993347645,1,1
93,"NJ","Wendys",1,0,1,0,0,"after",1992,11,26.2901132259066,5.05,1,1
94,"PA","Roy Rogers",1,0,0,0,1,"after",1992,11,30.7966867440255,5.02104768664621,0,1
95,"PA","KFC",1,0,0,1,0,"after",1992,11,11.1072349950703,4.48120665756214,0,1
96,"PA","Wendys",0,1,1,0,1,"after",1992,11,26.4787284634031,4.68034019198478,0,1
97,"NJ","Burger King",0,0,0,0,0,"after",1992,11,30.9815341259597,5.33664571624112,1,1
98,"NJ","KFC",0,0,0,0,0,"after",1992,11,9.92461053947096,5.05,1,1
99,"PA","KFC",0,1,0,1,1,"after",1992,11,23.6789838299661,5.10553845698196,0,1
100,"PA","Roy Rogers",1,1,0,0,1,"after",1992,11,16.9147030123021,5.36058991298025,0,1
101,"PA","Roy Rogers",0,0,0,0,1,"after",1992,11,29.7590157677574,4.97301800241461,0,1
102,"NJ","Burger King",1,0,0,0,0,"after",1992,11,25.8758250360316,5.05,1,1
103,"NJ","KFC",0,0,0,0,0,"after",1992,11,23.1888056598859,5.27416036246805,1,1
104,"NJ","KFC",0,1,1,0,0,"after",1992,11,22.6789361665643,5.05,1,1
105,"PA","Burger King",1,1,0,0,0,"after",1992,11,10.4927996551501,5.39605497115833,0,1
106,"PA","Wendys",0,1,0,0,1,"after",1992,11,19.9891806229662,3.80590595229043,0,1
107,"PA","Roy Rogers",0,0,0,1,0,"after",1992,11,8.85087483713219,4.61035446054822,0,1
108,"PA","KFC",0,0,0,1,1,"after",1992,11,11.1727635472373,4.67549137927613,0,1
109,"NJ","Roy Rogers",0,1,1,0,0,"after",1992,11,12.4485007013734,5.05,1,1
110,"NJ","Burger King",1,0,0,0,0,"after",1992,11,28.7028044781668,5.05,1,1
111,"PA","KFC",0,0,0,0,0,"after",1992,11,25.7747938465003,4.65184814052224,0,1
112,"PA","Wendys",1,1,0,0,0,"after",1992,11,18.7930020722905,4.75428632371262,0,1
113,"PA","KFC",1,0,1,0,0,"after",1992,11,10.5666535897419,4.99897693104562,0,1
114,"NJ","Roy Rogers",0,0,0,0,0,"after",1992,11,23.7650376759905,5.31919879894504,1,1
115,"NJ","Burger King",0,0,1,0,0,"after",1992,11,37.1754958154674,5.3427274716721,1,1
116,"NJ","Burger King",0,1,1,0,0,"after",1992,11,49.2127288103977,5.05,1,1
117,"NJ","KFC",0,0,0,0,0,"after",1992,11,9.58224267715205,5.05,1,1
118,"NJ","Burger King",0,1,0,0,0,"after",1992,11,17.9908784609608,5.15391652644285,1,1
119,"PA","Wendys",0,1,0,0,1,"after",1992,11,33.7956301914179,4.70771702319175,0,1
120,"PA","KFC",0,0,1,0,1,"after",1992,11,21.5520101296304,4.37674132073079,0,1
121,"NJ","Burger King",1,0,1,0,0,"after",1992,11,34.8656795136629,5.46991621555727,1,1
122,"NJ","Roy Rogers",0,1,0,0,0,"after",1992,11,21.4263915835217,5.05,1,1
123,"NJ","Burger King",0,0,1,0,0,"after",1992,11,29.2025255795772,5.05,1,1
124,"NJ","Wendys",0,0,0,0,0,"after",1992,11,18.9754317932852,5.15983457380015,1,1
125,"PA","Roy Rogers",1,0,1,0,1,"after",1992,11,45.7863765755735,4.9567190199152,0,1
126,"NJ","Roy Rogers",0,0,1,0,0,"after",1992,11,23.7015923459403,5.28447565860236,1,1
127,"PA","Burger King",0,0,0,0,1,"after",1992,11,10.0262309197307,4.40373959214647,0,1
128,"PA","KFC",0,1,1,1,1,"after",1992,11,16.399878124446,4.48463543363455,0,1
129,"NJ","Burger King",0,0,0,0,0,"after",1992,11,25.2302792716104,5.05,1,1
130,"PA","Roy Rogers",0,0,1,1,0,"after",1992,11,6.56670496964733,4.92511735741369,0,1
131,"PA","Burger King",0,0,1,1,1,"after",1992,11,5.54936588183956,4.69518512964522,0,1
132,"PA","KFC",0,1,1,0,0,"after",1992,11,12.2561125462659,4.93032360176031,0,1
133,"PA","KFC",0,1,0,0,1,"after",1992,11,19.6021838935745,5.01660165051397,0,1
134,"PA","Wendys",0,1,0,0,0,"after",1992,11,31.9396793114836,4.36590061947149,0,1
135,"PA","KFC",0,0,1,1,0,"after",1992,11,21.7289917676186,4.72199837871274,0,1
136,"NJ","Roy Rogers",0,0,0,0,0,"after",1992,11,26.3104065341761,5.05,1,1
137,"PA","Wendys",0,0,0,1,0,"after",1992,11,13.8263565633928,4.65762050935312,0,1
138,"NJ","Burger King",1,0,0,0,0,"after",1992,11,17.3987224992806,5.24743156254576,1,1
139,"PA","Burger King",1,0,0,1,1,"after",1992,11,31.9347220040069,4.45160174100304,0,1
140,"PA","Wendys",0,1,0,0,1,"after",1992,11,11.6642879699338,3.86584368200859,0,1
141,"NJ","Burger King",0,1,1,0,0,"after",1992,11,23.7765767203384,5.05,1,1
142,"NJ","Roy Rogers",0,0,0,0,0,"after",1992,11,20.9095653743988,5.05,1,1
143,"NJ","KFC",0,0,0,0,0,"after",1992,11,28.0347763595884,5.48828074825979,1,1
144,"PA","KFC",0,0,1,1,1,"after",1992,11,30.6006748042233,4.47982351771461,0,1
145,"PA","Roy Rogers",0,0,0,0,1,"after",1992,11,21.8412548700339,4.33572129578008,0,1
146,"PA","Roy Rogers",0,0,1,1,1,"after",1992,11,32.6728120269631,4.74494888828721,0,1
147,"NJ","Roy Rogers",0,0,1,0,0,"after",1992,11,33.6405604840673,5.05,1,1
148,"PA","KFC",1,0,1,1,0,"after",1992,11,13.9337241062993,4.38290670542779,0,1
149,"NJ","KFC",0,1,0,0,0,"after",1992,11,20.0136772802947,5.40466128687014,1,1
150,"NJ","Burger King",1,0,1,0,0,"after",1992,11,31.1262930509655,5.05,1,1
151,"PA","Wendys",0,1,0,0,0,"after",1992,11,6.71920050863667,4.90755365490607,0,1
152,"NJ","Roy Rogers",0,0,0,0,0,"after",1992,11,26.265536822483,5.59241710850637,1,1
153,"PA","Wendys",0,0,0,1,0,"after",1992,11,20.2216243300953,4.40755328934994,0,1
154,"NJ","Burger King",0,0,0,0,0,"after",1992,11,30.2619954983511,5.05,1,1
155,"PA","Burger King",1,0,1,0,1,"after",1992,11,29.4296156316549,4.3975835094185,0,1
156,"PA","KFC",0,0,0,0,1,"after",1992,11,28.6004525548826,4.83079247992857,0,1
157,"NJ","Burger King",0,0,0,0,0,"after",1992,11,27.8384951222421,5.24522337783468,1,1
158,"NJ","KFC",0,0,0,0,0,"after",1992,11,11.9134012998504,5.16829710579206,1,1
159,"NJ","Wendys",1,1,1,0,0,"after",1992,11,25.9303407648795,5.33282697621603,1,1
160,"PA","Roy Rogers",1,0,1,0,1,"after",1992,11,9.70959902925613,5.05932027658822,0,1
161,"PA","Burger King",0,1,1,1,0,"after",1992,11,30.7059938365203,4.94986099166583,0,1
162,"NJ","Wendys",0,1,0,0,0,"after",1992,11,19.5233680895237,5.05,1,1
163,"PA","Roy Rogers",0,0,0,1,1,"after",1992,11,31.5148627261833,4.06187174352911,0,1
164,"NJ","Wendys",0,0,0,0,0,"after",1992,11,28.2813406583273,5.05,1,1
165,"NJ","KFC",0,0,0,0,0,"after",1992,11,13.4810734098709,5.33639511044401,1,1
166,"NJ","Wendys",0,0,1,0,0,"after",1992,11,4.15551524874514,5.54366463422044,1,1
167,"NJ","KFC",0,0,0,0,0,"after",1992,11,31.8000169747912,5.46821360164642,1,1
168,"NJ","KFC",1,0,0,0,0,"after",1992,11,20.310907726286,5.05,1,1
169,"NJ","Roy Rogers",0,0,1,0,0,"after",1992,11,20.9859450519178,5.05,1,1
170,"NJ","Roy Rogers",0,0,0,0,0,"after",1992,11,24.1301539731947,5.45487481479039,1,1
171,"PA","Roy Rogers",0,1,1,1,1,"after",1992,11,15.6005607375509,4.33196831947042,0,1
172,"NJ","KFC",0,1,0,0,0,"after",1992,11,25.1930088747879,5.05,1,1
173,"NJ","Burger King",1,0,0,0,0,"after",1992,11,18.7639678483076,5.2383124169134,1,1
174,"NJ","Roy Rogers",1,1,0,0,0,"after",1992,11,5.7379963385722,5.58906828676668,1,1
175,"NJ","KFC",0,0,1,0,0,"after",1992,11,19.0597934455227,5.6091864679996,1,1
176,"NJ","Wendys",0,0,0,0,0,"after",1992,11,34.661782413195,5.35230741674634,1,1
177,"PA","KFC",1,1,1,0,0,"after",1992,11,35.7622180282716,4.73058285952932,0,1
178,"NJ","Burger King",0,1,0,0,0,"after",1992,11,22.284831243123,5.40061297484987,1,1
179,"PA","Wendys",0,0,1,1,1,"after",1992,11,25.1927428163838,4.5466764114826,0,1
180,"PA","Roy Rogers",0,1,1,1,0,"after",1992,11,24.661210397764,3.47709591185313,0,1
181,"PA","Burger King",1,1,1,1,0,"after",1992,11,20.5933333211796,4.91690976391095,0,1
182,"PA","KFC",1,0,1,0,1,"after",1992,11,17.0771216740736,4.75856563850298,0,1
183,"NJ","Roy Rogers",0,0,1,0,0,"after",1992,11,6.5526901362072,5.20108047321569,1,1
184,"NJ","Burger King",0,1,0,0,0,"after",1992,11,9.32501062514299,5.05,1,1
185,"PA","Roy Rogers",0,1,1,0,0,"after",1992,11,16.2799266121858,4.20865448695818,0,1
186,"PA","KFC",0,1,0,1,0,"after",1992,11,7.24470229690328,5.21321522207026,0,1
187,"PA","Burger King",0,1,1,1,1,"after",1992,11,29.4397728160472,4.67678709772679,0,1
188,"PA","KFC",1,0,1,0,0,"after",1992,11,0.713176823880666,5.64625549433661,0,1
189,"NJ","KFC",0,1,1,0,0,"after",1992,11,24.9047334441496,5.14676118267451,1,1
190,"NJ","Burger King",1,1,1,0,0,"after",1992,11,24.77418247622,5.25553106565273,1,1
191,"NJ","Roy Rogers",1,1,0,0,0,"after",1992,11,26.8388430061286,5.18654670409779,1,1
192,"PA","Burger King",1,0,1,1,1,"after",1992,11,22.3036181107536,4.54861019033755,0,1
193,"NJ","KFC",0,1,1,0,0,"after",1992,11,25.4413127807561,5.05,1,1
194,"NJ","KFC",0,0,0,0,0,"after",1992,11,22.2790616817687,5.49581412700653,1,1
195,"NJ","KFC",1,0,1,0,0,"after",1992,11,17.2404372250679,5.23698585794227,1,1
196,"NJ","Roy Rogers",0,1,0,0,0,"after",1992,11,24.0586706895819,5.22144277561222,1,1
197,"NJ","Burger King",0,0,1,0,0,"after",1992,11,16.4613926528422,5.05,1,1
198,"NJ","Roy Rogers",0,1,1,0,0,"after",1992,11,35.9667175931112,5.53420155137175,1,1
199,"PA","Burger King",1,0,0,0,1,"after",1992,11,1.74354780164469,4.11476270897752,0,1
200,"PA","Roy Rogers",1,1,0,1,0,"after",1992,11,29.5281997813588,4.38758350451654,0,1
201,"PA","Wendys",0,0,1,1,1,"after",1992,11,20.1530133901376,5.05317668266794,0,1
202,"NJ","Wendys",0,1,1,0,0,"after",1992,11,25.7870925539608,5.21599168065616,1,1
203,"PA","KFC",0,0,0,0,0,"after",1992,11,32.1716852589783,4.71742818228593,0,1
204,"NJ","KFC",0,0,0,0,0,"after",1992,11,33.5368049467775,5.05,1,1
205,"NJ","Wendys",1,0,0,0,0,"after",1992,11,18.1516734463081,5.05,1,1
206,"NJ","Roy Rogers",0,1,1,0,0,"after",1992,11,33.7880585275427,5.05,1,1
207,"PA","Wendys",0,1,1,1,0,"after",1992,11,1.943826531588,4.65583458275714,0,1
208,"NJ","Wendys",0,1,1,0,0,"after",1992,11,24.1792880085743,5.05,1,1
209,"NJ","Burger King",0,0,0,0,0,"after",1992,11,17.0415361632396,5.05,1,1
210,"NJ","Roy Rogers",1,0,0,0,0,"after",1992,11,5.44173748032121,5.19845383171081,1,1
211,"NJ","Wendys",0,1,1,0,0,"after",1992,11,11.0437571329492,5.05,1,1
212,"PA","Wendys",0,1,1,0,1,"after",1992,11,22.1251879486962,4.57246441284895,0,1
213,"NJ","Wendys",1,1,1,0,0,"after",1992,11,41.6720897789341,5.32652591635589,1,1
214,"NJ","Wendys",1,1,0,0,0,"after",1992,11,22.9365809138243,5.05,1,1
215,"NJ","Roy Rogers",0,0,1,0,0,"after",1992,11,32.1837448220848,5.17885497071163,1,1
216,"PA","Roy Rogers",0,0,0,0,0,"after",1992,11,24.8011685089491,4.18500027673208,0,1
217,"NJ","Wendys",0,1,0,0,0,"after",1992,11,17.7024432255387,5.05,1,1
218,"NJ","Wendys",0,0,1,0,0,"after",1992,11,31.0879833163428,5.05,1,1
219,"NJ","Burger King",0,0,0,0,0,"after",1992,11,24.4074633590716,5.05,1,1
220,"PA","Roy Rogers",0,0,1,1,0,"after",1992,11,21.7902977392956,4.39965006974791,0,1
221,"NJ","Roy Rogers",1,0,0,0,0,"after",1992,11,34.0549639191936,5.44195836974257,1,1
222,"NJ","KFC",0,0,0,0,0,"after",1992,11,32.4286061598758,5.08798657553387,1,1
223,"NJ","Burger King",1,1,0,0,0,"after",1992,11,13.9886342046537,5.44793843479322,1,1
224,"PA","KFC",0,0,0,0,1,"after",1992,11,22.8125692718038,5.1145955658035,0,1
225,"NJ","Roy Rogers",1,1,1,0,0,"after",1992,11,18.3883565989003,5.05,1,1
226,"PA","Roy Rogers",0,0,0,1,1,"after",1992,11,21.472302142802,4.69108165256257,0,1
227,"NJ","Burger King",0,1,0,0,0,"after",1992,11,16.7590089499298,5.05,1,1
228,"NJ","Burger King",0,1,1,0,0,"after",1992,11,26.7656029693967,5.14228748403113,1,1
229,"NJ","KFC",0,0,1,0,0,"after",1992,11,28.4028356935475,5.05,1,1
230,"NJ","Roy Rogers",0,0,1,0,0,"after",1992,11,21.7824297756779,5.05,1,1
231,"NJ","KFC",0,1,1,0,0,"after",1992,11,26.1746667473961,5.14939482291161,1,1
232,"NJ","Wendys",0,1,0,0,0,"after",1992,11,27.3884109565986,5.05,1,1
233,"NJ","Burger King",0,1,1,0,0,"after",1992,11,27.4521157175496,5.12411983636076,1,1
234,"NJ","Wendys",1,1,0,0,0,"after",1992,11,36.2099040740695,5.09556008650495,1,1
235,"PA","KFC",1,0,0,1,0,"after",1992,11,25.679541859403,4.57994022781939,0,1
236,"PA","Roy Rogers",1,1,1,0,0,"after",1992,11,21.0609411735023,4.64160399990767,0,1
237,"NJ","Burger King",1,1,0,0,0,"after",1992,11,16.3312232486155,5.47870391398227,1,1
238,"PA","Roy Rogers",1,0,1,1,0,"after",1992,11,20.1267829499165,4.5573012724837,0,1
239,"NJ","KFC",0,0,0,0,0,"after",1992,11,14.2376243254456,5.05,1,1
240,"NJ","Roy Rogers",1,0,0,0,0,"after",1992,11,24.4250246017861,5.05,1,1
241,"NJ","KFC",0,0,0,0,0,"after",1992,11,29.169774175676,5.05,1,1
242,"NJ","Roy Rogers",0,1,0,0,0,"after",1992,11,19.1083784543504,5.05,1,1
243,"NJ","Wendys",1,1,1,0,0,"after",1992,11,11.0281811139725,5.05,1,1
244,"NJ","Burger King",0,0,1,0,0,"after",1992,11,25.9602373318238,5.05,1,1
245,"NJ","Burger King",0,1,1,0,0,"after",1992,11,8.3935597452417,5.15495612481721,1,1
246,"NJ","Roy Rogers",0,1,1,0,0,"after",1992,11,10.5536817471876,5.20730966154108,1,1
247,"NJ","KFC",1,0,1,0,0,"after",1992,11,-1.0860154716702,5.05,1,1
248,"NJ","Roy Rogers",1,1,0,0,0,"after",1992,11,21.8503126096593,5.05,1,1
249,"NJ","KFC",0,1,0,0,0,"after",1992,11,23.2454856902412,5.05,1,1
250,"PA","KFC",0,0,1,1,0,"after",1992,11,24.5250647797985,4.60854294564929,0,1
251,"NJ","Burger King",0,0,0,0,0,"after",1992,11,31.4215866947015,5.1676942283768,1,1
252,"NJ","Burger King",0,0,1,0,0,"after",1992,11,23.1354226059509,5.06690195949546,1,1
253,"NJ","KFC",0,1,0,0,0,"after",1992,11,14.7519204703472,5.05,1,1
254,"NJ","KFC",1,0,1,0,0,"after",1992,11,22.2394037621221,5.15543275149088,1,1
255,"NJ","KFC",1,0,0,0,0,"after",1992,11,33.5495649622391,5.23059050442053,1,1
256,"PA","Roy Rogers",1,0,1,1,0,"after",1992,11,4.67341045020139,4.8033567879912,0,1
257,"NJ","KFC",0,0,1,0,0,"after",1992,11,17.2557504713618,5.28973157996673,1,1
258,"NJ","Burger King",0,1,0,0,0,"after",1992,11,20.2610143696872,5.65353610807532,1,1
259,"NJ","Wendys",1,1,0,0,0,"after",1992,11,14.8783707858133,5.05,1,1
260,"PA","Wendys",1,0,1,0,0,"after",1992,11,30.1232215148144,4.9223608078107,0,1
261,"PA","Wendys",1,0,0,1,1,"after",1992,11,9.89810366100666,4.48331159847805,0,1
262,"NJ","Burger King",0,1,1,0,0,"after",1992,11,36.9442524426339,5.05,1,1
263,"NJ","KFC",0,0,0,0,0,"after",1992,11,22.1439073838349,5.05,1,1
264,"PA","Roy Rogers",1,0,0,0,1,"after",1992,11,23.1342231784541,4.4892034930414,0,1
265,"NJ","Burger King",0,0,0,0,0,"after",1992,11,33.2075861624973,5.05,1,1
266,"NJ","Burger King",0,0,0,0,0,"after",1992,11,23.8567774807514,5.05,1,1
267,"PA","Roy Rogers",1,1,0,0,0,"after",1992,11,24.9428458401521,4.78225254152847,0,1
268,"NJ","Wendys",0,0,1,0,0,"after",1992,11,26.5230978204549,5.05,1,1
269,"PA","Burger King",0,1,0,1,1,"after",1992,11,8.05084409883097,4.89958622626395,0,1
270,"PA","KFC",0,0,1,0,1,"after",1992,11,18.7275611453901,4.49039050630379,0,1
271,"NJ","KFC",0,1,0,0,0,"after",1992,11,27.8442383814898,5.32310206526808,1,1
272,"PA","KFC",0,1,1,0,1,"after",1992,11,31.0551798753989,4.70840015877704,0,1
273,"NJ","Burger King",0,1,0,0,0,"after",1992,11,19.8472561866973,5.05,1,1
274,"NJ","Wendys",0,0,1,0,0,"after",1992,11,12.6427209402268,5.18316661095492,1,1
275,"PA","KFC",0,0,1,1,0,"after",1992,11,25.1868356190877,4.68119936780646,0,1
276,"NJ","Roy Rogers",0,1,1,0,0,"after",1992,11,19.2618506085012,5.31097762776977,1,1
277,"NJ","Wendys",1,1,1,0,0,"after",1992,11,9.73804571807917,5.05,1,1
278,"NJ","Burger King",0,0,0,0,0,"after",1992,11,26.3676858780091,5.05,1,1
279,"NJ","Wendys",0,0,0,0,0,"after",1992,11,9.43259109545413,5.05,1,1
280,"NJ","Roy Rogers",1,1,1,0,0,"after",1992,11,31.2162327673991,5.05,1,1
281,"NJ","Wendys",0,0,0,0,0,"after",1992,11,21.0808135799003,5.18020105476403,1,1
282,"NJ","Burger King",1,1,0,0,0,"after",1992,11,14.6181622564426,5.05,1,1
283,"NJ","Burger King",1,1,1,0,0,"after",1992,11,32.0137507947824,5.05,1,1
284,"PA","Wendys",0,0,1,1,1,"after",1992,11,19.2950710663838,4.46020523137102,0,1
285,"NJ","Burger King",0,0,0,0,0,"after",1992,11,31.5739131509287,5.05,1,1
286,"NJ","Burger King",1,0,0,0,0,"after",1992,11,17.6151729241638,5.05,1,1
287,"NJ","Roy Rogers",0,0,0,0,0,"after",1992,11,15.4891353737453,5.05,1,1
288,"NJ","Burger King",0,0,1,0,0,"after",1992,11,26.3247290532262,5.05,1,1
289,"NJ","KFC",1,0,0,0,0,"after",1992,11,21.4777919631348,5.05,1,1
290,"NJ","KFC",1,1,0,0,0,"after",1992,11,19.6933921239826,5.47614155995675,1,1
291,"PA","Wendys",0,0,0,0,0,"after",1992,11,15.46242600738,4.11058997864764,0,1
292,"PA","KFC",0,1,1,1,0,"after",1992,11,12.3570370915757,4.63458363288886,0,1
293,"NJ","Roy Rogers",0,0,0,0,0,"after",1992,11,24.1152599515917,5.05,1,1
294,"NJ","Burger King",0,0,0,0,0,"after",1992,11,14.6407578033241,5.05,1,1
295,"NJ","Roy Rogers",0,1,0,0,0,"after",1992,11,14.3592810497923,5.05,1,1
296,"NJ","Wendys",0,1,0,0,0,"after",1992,11,15.4164599557216,5.23522830474222,1,1
297,"PA","Burger King",1,0,1,0,0,"after",1992,11,15.1476428436281,5.15310495779425,0,1
298,"PA","KFC",0,0,1,1,1,"after",1992,11,3.3214055415713,4.6686594171985,0,1
299,"NJ","Roy Rogers",0,0,0,0,0,"after",1992,11,18.4843890324459,5.05,1,1
300,"NJ","Wendys",1,1,0,0,0,"after",1992,11,26.1495195447109,5.74692651232067,1,1
301,"NJ","KFC",0,1,0,0,0,"after",1992,11,26.0440992632672,5.05,1,1
302,"NJ","Roy Rogers",0,0,0,0,0,"after",1992,11,23.7998254781285,5.05,1,1
303,"NJ","Roy Rogers",0,0,0,0,0,"after",1992,11,19.4578453602824,5.05,1,1
304,"NJ","Roy Rogers",0,0,1,0,0,"after",1992,11,16.3276991945752,5.05,1,1
305,"PA","Burger King",1,0,0,0,1,"after",1992,11,9.75999227229758,4.6773327818345,0,1
306,"PA","KFC",1,0,0,0,1,"after",1992,11,13.8708675647282,4.77009131540191,0,1
307,"NJ","Roy Rogers",0,0,1,0,0,"after",1992,11,17.0470323557076,5.05,1,1
308,"NJ","Wendys",0,1,0,0,0,"after",1992,11,16.0425184515774,5.05,1,1
309,"NJ","Wendys",0,0,0,0,0,"after",1992,11,21.2072868549307,5.23933873556395,1,1
310,"NJ","Roy Rogers",1,0,0,0,0,"after",1992,11,21.260495247463,5.29071672016098,1,1
311,"NJ","Roy Rogers",1,0,0,0,0,"after",1992,11,22.8030753612722,5.05,1,1
312,"PA","KFC",0,0,1,1,0,"after",1992,11,35.2069385977368,4.88951579045045,0,1
313,"NJ","Wendys",0,1,0,0,0,"after",1992,11,19.6249580378717,5.21470893965553,1,1
314,"NJ","Roy Rogers",0,1,1,0,0,"after",1992,11,18.1680012102981,5.15805669276515,1,1
315,"NJ","Wendys",0,0,0,0,0,"after",1992,11,23.6294461801666,5.05,1,1
316,"PA","Roy Rogers",1,1,0,0,0,"after",1992,11,8.67250245189896,4.48065375658713,0,1
317,"NJ","Burger King",0,0,1,0,0,"after",1992,11,30.7772988443366,5.05617879656039,1,1
318,"PA","Wendys",0,0,1,1,0,"after",1992,11,11.433676134581,4.33925039598153,0,1
319,"PA","Roy Rogers",0,1,0,0,1,"after",1992,11,13.8384762463199,4.75733861897019,0,1
320,"PA","Wendys",0,0,1,0,1,"after",1992,11,5.10188729835746,5.27400085555023,0,1
321,"NJ","Wendys",0,1,1,0,0,"after",1992,11,25.5103001672679,5.05,1,1
322,"NJ","Wendys",0,0,0,0,0,"after",1992,11,35.0135638695959,5.38289478504729,1,1
323,"NJ","Wendys",1,0,0,0,0,"after",1992,11,19.4790163543849,5.40891336869835,1,1
324,"NJ","Roy Rogers",1,1,0,0,0,"after",1992,11,22.2767090147159,5.05,1,1
325,"NJ","Burger King",1,0,1,0,0,"after",1992,11,26.9814484065786,5.05,1,1
326,"PA","Wendys",0,0,0,0,1,"after",1992,11,31.7405141022176,4.41320981808113,0,1
327,"NJ","Roy Rogers",0,1,1,0,0,"after",1992,11,31.7825136787451,5.05,1,1
328,"PA","Burger King",0,0,1,0,1,"after",1992,11,12.8100560313706,4.8504236349387,0,1
329,"PA","Roy Rogers",0,1,1,0,0,"after",1992,11,17.0537824803997,4.4270303455681,0,1
330,"PA","KFC",1,1,0,1,1,"after",1992,11,17.3408299787905,4.71861921743485,0,1
331,"PA","Roy Rogers",0,1,0,1,0,"after",1992,11,22.8005512879649,4.70169772600299,0,1
332,"NJ","Burger King",1,1,1,0,0,"after",1992,11,20.6974925045485,5.05,1,1
333,"NJ","Burger King",0,0,0,0,0,"after",1992,11,25.5695205747531,5.05,1,1
334,"NJ","Roy Rogers",1,0,0,0,0,"after",1992,11,15.6067711312544,5.71744582717317,1,1
335,"PA","Wendys",0,1,1,0,1,"after",1992,11,18.6380685278339,4.50590273353701,0,1
336,"NJ","Wendys",1,0,1,0,0,"after",1992,11,28.1573036468691,5.05,1,1
337,"NJ","KFC",0,0,0,0,0,"after",1992,11,22.1822667600141,5.46036761540619,1,1
338,"NJ","Roy Rogers",0,0,1,0,0,"after",1992,11,16.9935783060091,5.16713969270692,1,1
339,"PA","Burger King",0,1,1,1,0,"after",1992,11,28.5195278156875,4.59108371932848,0,1
340,"NJ","KFC",0,1,1,0,0,"after",1992,11,21.5357500906418,5.12162547627811,1,1
341,"NJ","Roy Rogers",0,0,0,0,0,"after",1992,11,13.7863179587199,5.05,1,1
342,"NJ","Wendys",0,0,1,0,0,"after",1992,11,36.3021325320848,5.3151710804039,1,1
343,"PA","Wendys",0,0,0,0,1,"after",1992,11,10.8024060314692,4.78207026300539,0,1
344,"NJ","Roy Rogers",0,0,0,0,0,"after",1992,11,7.6978363779297,5.51524686417772,1,1
345,"NJ","KFC",0,1,0,0,0,"after",1992,11,2.86665411369218,5.05,1,1
346,"NJ","KFC",1,1,0,0,0,"after",1992,11,28.8320868089366,5.05,1,1
347,"PA","Roy Rogers",0,1,1,1,0,"after",1992,11,13.2757263420994,4.57398948023191,0,1
348,"NJ","Burger King",0,1,0,0,0,"after",1992,11,21.5111844817413,5.05,1,1
349,"PA","Wendys",0,0,0,0,1,"after",1992,11,28.9828969696838,5.44767602302837,0,1
350,"PA","Roy Rogers",1,0,0,1,0,"after",1992,11,13.9224276138596,4.5965132817106,0,1
351,"NJ","Wendys",0,1,1,0,0,"after",1992,11,10.1107108126291,5.05,1,1
352,"NJ","Wendys",0,0,0,0,0,"after",1992,11,3.59676023633783,5.2418893913357,1,1
353,"NJ","Wendys",0,0,0,0,0,"after",1992,11,21.0074090978733,5.09426016367527,1,1
354,"NJ","Burger King",0,0,1,0,0,"after",1992,11,25.1774485316328,5.16956588820489,1,1
355,"PA","KFC",0,1,0,1,0,"after",1992,11,6.89184159705576,5.28773096454051,0,1
356,"NJ","KFC",0,0,0,0,0,"after",1992,11,23.9506138434128,5.20308786534036,1,1
357,"PA","KFC",0,0,1,0,1,"after",1992,11,26.2167744218714,5.23262231116854,0,1
358,"PA","Wendys",0,1,0,1,1,"after",1992,11,36.5058848748641,4.61686178819991,0,1
359,"NJ","Burger King",0,1,0,0,0,"after",1992,11,25.4608962163467,5.05,1,1
360,"NJ","Burger King",0,0,1,0,0,"after",1992,11,27.8930686974313,5.05,1,1
361,"NJ","Roy Rogers",1,0,1,0,0,"after",1992,11,28.2834073895839,5.31927798559352,1,1
362,"PA","Roy Rogers",0,0,1,0,1,"after",1992,11,21.9948791595849,4.30225747645837,0,1
363,"NJ","Roy Rogers",0,0,1,0,0,"after",1992,11,24.1953191199282,5.05240107065808,1,1
364,"PA","Burger King",0,0,0,1,0,"after",1992,11,19.6404579782139,5.07015272055302,0,1
365,"PA","Roy Rogers",0,1,1,0,0,"after",1992,11,25.0707694794467,4.92074423664216,0,1
366,"NJ","Burger King",0,1,0,0,0,"after",1992,11,22.8477203764307,5.05,1,1
367,"PA","KFC",1,1,0,0,1,"after",1992,11,11.9179705766011,4.05158970404001,0,1
368,"PA","Roy Rogers",1,0,1,1,1,"after",1992,11,16.2131429311537,4.59614262207002,0,1
369,"NJ","Burger King",1,0,0,0,0,"after",1992,11,19.776660801488,5.05,1,1
370,"NJ","KFC",1,0,0,0,0,"after",1992,11,23.6578105605953,5.2221675552674,1,1
371,"NJ","Burger King",0,0,0,0,0,"after",1992,11,33.6764964562387,5.05131369452705,1,1
372,"NJ","Wendys",1,0,1,0,0,"after",1992,11,13.7132436248128,5.05,1,1
373,"PA","KFC",0,0,0,0,1,"after",1992,11,18.6386534818512,4.52579529337356,0,1
374,"NJ","Burger King",0,1,0,0,0,"after",1992,11,17.6032297635519,5.05,1,1
375,"PA","Wendys",0,0,0,0,1,"after",1992,11,27.1266799341697,4.58165425787049,0,1
376,"PA","KFC",0,0,0,0,1,"after",1992,11,17.7302172120991,4.80952705423108,0,1
377,"NJ","Roy Rogers",0,1,0,0,0,"after",1992,11,25.6451538823482,5.08571984763804,1,1
378,"NJ","KFC",0,0,1,0,0,"after",1992,11,28.1733376082721,5.58349477840396,1,1
379,"NJ","Burger King",0,1,1,0,0,"after",1992,11,15.0042654130121,5.05,1,1
380,"PA","KFC",0,0,1,1,0,"after",1992,11,17.2990765076812,5.0367729990009,0,1
381,"NJ","Roy Rogers",0,1,1,0,0,"after",1992,11,19.8346168092807,5.10244631570395,1,1
382,"NJ","Burger King",0,1,0,0,0,"after",1992,11,23.5315452363192,5.05,1,1
383,"NJ","KFC",0,1,0,0,0,"after",1992,11,7.48604537801344,5.05,1,1
384,"NJ","Wendys",0,1,1,0,0,"after",1992,11,18.9336635738866,5.05,1,1
385,"NJ","KFC",1,0,0,0,0,"after",1992,11,28.6118839973583,5.05,1,1
386,"PA","Roy Rogers",1,1,1,1,1,"after",1992,11,14.029759613613,4.38858043427389,0,1
387,"NJ","Wendys",0,0,0,0,0,"after",1992,11,18.8746657197065,5.05,1,1
388,"PA","KFC",0,0,1,1,1,"after",1992,11,23.2300730211306,4.45481995844956,0,1
389,"NJ","Burger King",0,1,1,0,0,"after",1992,11,21.9834810568024,5.05,1,1
390,"NJ","Wendys",0,0,0,0,0,"after",1992,11,41.7389637103649,5.05,1,1
391,"PA","Wendys",0,0,0,1,0,"after",1992,11,26.0327217093968,4.56430379315284,0,1
392,"NJ","Wendys",0,0,0,0,0,"after",1992,11,25.7004062300786,5.17396909707117,1,1
393,"PA","Roy Rogers",0,0,0,0,1,"after",1992,11,27.5749039188029,4.88079725030753,0,1
394,"NJ","KFC",0,1,0,0,0,"after",1992,11,22.0791110108815,5.10928542965226,1,1
395,"PA","Burger King",1,0,0,1,0,"after",1992,11,21.1361950717783,4.67025998830013,0,1
396,"NJ","Wendys",0,0,0,0,0,"after",1992,11,16.1286265484636,5.54404412181286,1,1
397,"PA","KFC",1,1,0,0,0,"after",1992,11,2.39697415513134,4.37616726974291,0,1
398,"PA","Burger King",0,0,1,1,0,"after",1992,11,10.8663276991764,4.19742350007621,0,1
399,"NJ","Wendys",0,0,0,0,0,"after",1992,11,24.441910176382,5.09337949878141,1,1
400,"NJ","KFC",0,1,1,0,0,"after",1992,11,12.3140352222721,5.12801422214632,1,1
